{"s004": {"fmr": [0.4866666666666667], "fnmr": [0.011428571428571455], "b_acc": [0.7509523809523809]}, "s005": {"fmr": [0.34], "fnmr": [0.03428571428571425], "b_acc": [0.8128571428571428]}, "s018": {"fmr": [0.5266666666666666], "fnmr": [0.04571428571428571], "b_acc": [0.7138095238095239]}, "s022": {"fmr": [0.26666666666666666], "fnmr": [0.0714285714285714], "b_acc": [0.830952380952381]}, "s025": {"fmr": [0.42], "fnmr": [0.03428571428571425], "b_acc": [0.7728571428571429]}, "s027": {"fmr": [0.48], "fnmr": [0.05428571428571427], "b_acc": [0.7328571428571429]}, "s028": {"fmr": [0.4866666666666667], "fnmr": [0.011428571428571455], "b_acc": [0.7509523809523809]}, "s029": {"fmr": [0.5], "fnmr": [0.014285714285714235], "b_acc": [0.7428571428571429]}, "s030": {"fmr": [0.42], "fnmr": [0.05142857142857138], "b_acc": [0.7642857142857143]}, "s032": {"fmr": [0.6], "fnmr": [0.02857142857142858], "b_acc": [0.6857142857142857]}, "s033": {"fmr": [0.4266666666666667], "fnmr": [0.1428571428571429], "b_acc": [0.7152380952380952]}, "s035": {"fmr": [0.5866666666666667], "fnmr": [0.03428571428571425], "b_acc": [0.6895238095238095]}, "s036": {"fmr": [0.14666666666666667], "fnmr": [0.1171428571428571], "b_acc": [0.8680952380952381]}, "s038": {"fmr": [0.52], "fnmr": [0.02857142857142858], "b_acc": [0.7257142857142858]}, "s039": {"fmr": [0.5466666666666666], "fnmr": [0.014285714285714235], "b_acc": [0.7195238095238096]}, "s042": {"fmr": [0.35333333333333333], "fnmr": [0.011428571428571455], "b_acc": [0.8176190476190476]}, "s044": {"fmr": [0.46], "fnmr": [0.03142857142857147], "b_acc": [0.7542857142857142]}, "s046": {"fmr": [0.5266666666666666], "fnmr": [0.020000000000000018], "b_acc": [0.7266666666666667]}, "s047": {"fmr": [0.58], "fnmr": [0.05428571428571427], "b_acc": [0.6828571428571428]}, "s048": {"fmr": [0.49333333333333335], "fnmr": [0.008571428571428563], "b_acc": [0.7490476190476191]}, "s049": {"fmr": [0.44], "fnmr": [0.11428571428571432], "b_acc": [0.7228571428571429]}, "s051": {"fmr": [0.4666666666666667], "fnmr": [0.005714285714285672], "b_acc": [0.7638095238095238]}, "s053": {"fmr": [0.42], "fnmr": [0.014285714285714235], "b_acc": [0.7828571428571429]}, "s054": {"fmr": [0.44], "fnmr": [0.008571428571428563], "b_acc": [0.7757142857142857]}, "s056": {"fmr": [0.4866666666666667], "fnmr": [0.008571428571428563], "b_acc": [0.7523809523809524]}, "s057": {"fmr": [0.5133333333333333], "fnmr": [0.014285714285714235], "b_acc": [0.7361904761904763]}, "s002": {"fmr": [0.4533333333333333], "fnmr": [0.014285714285714235], "b_acc": [0.7661904761904762]}, "s003": {"fmr": [0.4266666666666667], "fnmr": [0.0714285714285714], "b_acc": [0.7509523809523809]}, "s007": {"fmr": [0.44], "fnmr": [0.008571428571428563], "b_acc": [0.7757142857142857]}, "s008": {"fmr": [0.46], "fnmr": [0.017142857142857126], "b_acc": [0.7614285714285715]}, "s010": {"fmr": [0.44], "fnmr": [0.0028571428571428914], "b_acc": [0.7785714285714286]}, "s011": {"fmr": [0.4266666666666667], "fnmr": [0.020000000000000018], "b_acc": [0.7766666666666666]}, "s012": {"fmr": [0.38], "fnmr": [0.05714285714285716], "b_acc": [0.7814285714285714]}, "s013": {"fmr": [0.41333333333333333], "fnmr": [0.008571428571428563], "b_acc": [0.789047619047619]}, "s015": {"fmr": [0.48], "fnmr": [0.0028571428571428914], "b_acc": [0.7585714285714286]}, "s016": {"fmr": [0.3466666666666667], "fnmr": [0.06857142857142862], "b_acc": [0.7923809523809524]}, "s017": {"fmr": [0.4266666666666667], "fnmr": [0.008571428571428563], "b_acc": [0.7823809523809524]}, "s019": {"fmr": [0.28], "fnmr": [0.03142857142857147], "b_acc": [0.8442857142857143]}, "s020": {"fmr": [0.5733333333333334], "fnmr": [0.11428571428571432], "b_acc": [0.6561904761904762]}, "s021": {"fmr": [0.5133333333333333], "fnmr": [0.02285714285714291], "b_acc": [0.7319047619047618]}, "s024": {"fmr": [0.43333333333333335], "fnmr": [0.02857142857142858], "b_acc": [0.769047619047619]}, "s026": {"fmr": [0.5466666666666666], "fnmr": [0.03142857142857147], "b_acc": [0.710952380952381]}, "s031": {"fmr": [0.5733333333333334], "fnmr": [0.06285714285714283], "b_acc": [0.6819047619047619]}, "s034": {"fmr": [0.46], "fnmr": [0.03142857142857147], "b_acc": [0.7542857142857142]}, "s037": {"fmr": [0.4866666666666667], "fnmr": [0.020000000000000018], "b_acc": [0.7466666666666666]}, "s040": {"fmr": [0.58], "fnmr": [0.17428571428571427], "b_acc": [0.6228571428571429]}, "s041": {"fmr": [0.46], "fnmr": [0.06857142857142862], "b_acc": [0.7357142857142857]}, "s043": {"fmr": [0.3], "fnmr": [0.06000000000000005], "b_acc": [0.82]}, "s050": {"fmr": [0.49333333333333335], "fnmr": [0.02285714285714291], "b_acc": [0.7419047619047618]}, "s052": {"fmr": [0.15333333333333332], "fnmr": [0.07428571428571429], "b_acc": [0.8861904761904762]}, "s055": {"fmr": [0.3466666666666667], "fnmr": [0.014285714285714235], "b_acc": [0.8195238095238095]}}